"","diff","lwr.ci","upr.ci","pval"
"1-0",0.0779385109948355,0.0146647049854645,0.141212317004207,0.0158108261195719
