"","diff","lwr.ci","upr.ci","pval"
"1-0",0.999999999999978,0.999999999999977,0.999999999999979,6.18828321918841e-11
