"","diff","lwr.ci","upr.ci","pval"
"1-0",0.271840667459139,0.159839569890184,0.383841765028094,2.07643111416189e-06
