"","diff","lwr.ci","upr.ci","pval"
"1-0",0.0866181737695655,0.0332929764740766,0.139943371065054,0.00146915081130217
