"","diff","lwr.ci","upr.ci","pval"
"1-0",0.258756410034307,0.148142243324588,0.369370576744026,4.76450914899118e-06
