"","diff","lwr.ci","upr.ci","pval"
"1-0",0.239228293940632,0.141749085947384,0.336707501933881,1.59966199453354e-06
