"","diff","lwr.ci","upr.ci","pval"
"1-0",-0.0866210639146238,-0.153161896624709,-0.0200802312045387,0.0107553442247644
